norm,player,pick,year
kenyon martin,Kenyon Martin,1,2000
stromile swift,Stromile Swift,2,2000
darius miles,Darius Miles,3,2000
marcus fizer,Marcus Fizer,4,2000
mike miller,Mike Miller,5,2000
dermarr johnson,DerMarr Johnson,6,2000
chris mihm,Chris Mihm,7,2000
jamal crawford,Jamal Crawford,8,2000
joel przybilla,Joel Przybilla,9,2000
keyon dooling,Keyon Dooling,10,2000
jerome moiso,Jérôme Moïso,11,2000
etan thomas,Etan Thomas,12,2000
courtney alexander,Courtney Alexander,13,2000
mateen cleaves,Mateen Cleaves,14,2000
jason collier,Jason Collier,15,2000
hedo turkoglu,Hedo Türkoğlu,16,2000
desmond mason,Desmond Mason,17,2000
quentin richardson,Quentin Richardson,18,2000
jamaal magloire,Jamaal Magloire,19,2000
speedy claxton,Speedy Claxton,20,2000
morris peterson,Morris Peterson,21,2000
donnell harvey,Donnell Harvey,22,2000
deshawn stevenson,DeShawn Stevenson,23,2000
dalibor bagaric,Dalibor Bagarić,24,2000
jake tsakalidis,Jake Tsakalidis,25,2000
mamadou ndiaye,Mamadou N'Diaye,26,2000
primoz brezec,Primož Brezec,27,2000
erick barkley,Erick Barkley,28,2000
mark madsen,Mark Madsen,29,2000
marko jaric,Marko Jarić,30,2000
dan langhi,Dan Langhi,31,2000
aj guyton,A.J. Guyton,32,2000
jake voskuhl,Jake Voskuhl,33,2000
khalid elamin,Khalid El-Amin,34,2000
mike smith,Mike Smith,35,2000
soumaila samake,Soumaila Samake,36,2000
eddie house,Eddie House,37,2000
eduardo najera,Eduardo Nájera,38,2000
lavor postell,Lavor Postell,39,2000
hanno mottola,Hanno Möttölä,40,2000
chris carrawell,Chris Carrawell,41,2000
olumide oyedeji,Olumide Oyedeji,42,2000
michael redd,Michael Redd,43,2000
brian cardinal,Brian Cardinal,44,2000
jabari smith,Jabari Smith Jr.,3,2022
deeandre hulett,DeeAndre Hulett,46,2000
josip sesar,Josip Sesar,47,2000
mark karcher,Mark Karcher,48,2000
jason hart,Jason Hart,49,2000
kaniel dickens,Kaniel Dickens,50,2000
igor rakocevic,Igor Rakočević,51,2000
ernest brown,Ernest Brown,52,2000
dan mcclintock,Dan McClintock,53,2000
cory hightower,Cory Hightower,54,2000
chris porter,Chris Porter,55,2000
jaquay walls,Jaquay Walls,56,2000
scoonie penn,Scoonie Penn,57,2000
pete mickeal,Pete Mickeal,58,2000
kwame brown,Kwame Brown,1,2001
tyson chandler,Tyson Chandler,2,2001
pau gasol,Pau Gasol,3,2001
eddy curry,Eddy Curry,4,2001
jason richardson,Jason Richardson,5,2001
shane battier,Shane Battier,6,2001
eddie griffin,Eddie Griffin,7,2001
desagana diop,DeSagana Diop,8,2001
rodney white,Rodney White,9,2001
joe johnson,Joe Johnson,10,2001
kedrick brown,Kedrick Brown,11,2001
vladimir radmanovic,Vladimir Radmanović,12,2001
richard jefferson,Richard Jefferson,13,2001
troy murphy,Troy Murphy,14,2001
steven hunter,Steven Hunter,15,2001
kirk haston,Kirk Haston,16,2001
michael bradley,Michael Bradley,17,2001
jason collins,Jason Collins,18,2001
zach randolph,Zach Randolph,19,2001
brendan haywood,Brendan Haywood,20,2001
joseph forte,Joseph Forte,21,2001
jeryl sasser,Jeryl Sasser,22,2001
brandon armstrong,Brandon Armstrong,23,2001
raul lopez,Raül López,24,2001
gerald wallace,Gerald Wallace,25,2001
samuel dalembert,Samuel Dalembert,26,2001
jamaal tinsley,Jamaal Tinsley,27,2001
tony parker,Tony Parker,28,2001
trenton hassell,Trenton Hassell,30,2001
gilbert arenas,Gilbert Arenas,31,2001
omar cook,Omar Cook,32,2001
will solomon,Will Solomon,33,2001
terence morris,Terence Morris,34,2001
brian scalabrine,Brian Scalabrine,35,2001
jeff trepagnier,Jeff Trepagnier,36,2001
damone brown,Damone Brown,37,2001
mehmet okur,Mehmet Okur,38,2001
michael wright,Michael Wright,39,2001
earl watson,Earl Watson,40,2001
jamison brewer,Jamison Brewer,41,2001
bobby simmons,Bobby Simmons,42,2001
eric chenowith,Eric Chenowith,43,2001
kyle hill,Kyle Hill,44,2001
sean lampley,Sean Lampley,45,2001
loren woods,Loren Woods,46,2001
ousmane cisse,Ousmane Cisse,47,2001
antonis fotsis,Antonis Fotsis,48,2001
ken johnson,Ken Johnson,49,2001
ruben boumtjeboumtje,Ruben Boumtje-Boumtje,50,2001
alton ford,Alton Ford,51,2001
andre hutson,Andre Hutson,52,2001
jarron collins,Jarron Collins,53,2001
kenny satterfield,Kenny Satterfield,54,2001
maurice jeffers,Maurice Jeffers,55,2001
robertas javtokas,Robertas Javtokas,56,2001
alvin jones,Alvin Jones,57,2001
bryan bracey,Bryan Bracey,58,2001
yao ming,Yao Ming,1,2002
jay williams,Jay Williams,2,2002
mike dunleavy,Mike Dunleavy,3,2002
drew gooden,Drew Gooden,4,2002
nikoloz tskitishvili,Nikoloz Tskitishvili,5,2002
dajuan wagner,Dajuan Wagner,6,2002
nene,Nenê,7,2002
chris wilcox,Chris Wilcox,8,2002
amare stoudemire,Amar'e Stoudemire,9,2002
caron butler,Caron Butler,10,2002
jared jeffries,Jared Jeffries,11,2002
melvin ely,Melvin Ely,12,2002
marcus haislip,Marcus Haislip,13,2002
fred jones,Fred Jones,14,2002
bostjan nachbar,Boštjan Nachbar,15,2002
jiri welsch,Jiří Welsch,16,2002
juan dixon,Juan Dixon,17,2002
curtis borchardt,Curtis Borchardt,18,2002
ryan humphrey,Ryan Humphrey,19,2002
kareem rush,Kareem Rush,20,2002
qyntel woods,Qyntel Woods,21,2002
casey jacobsen,Casey Jacobsen,22,2002
tayshaun prince,Tayshaun Prince,23,2002
nenad krstic,Nenad Krstić,24,2002
frank williams,Frank Williams,25,2002
john salmons,John Salmons,26,2002
chris jefferies,Chris Jefferies,27,2002
dan dickau,Dan Dickau,28,2002
steve logan,Steve Logan,30,2002
roger mason,Roger Mason,31,2002
robert archibald,Robert Archibald,32,2002
vincent yarbrough,Vincent Yarbrough,33,2002
dan gadzuric,Dan Gadzuric,34,2002
carlos boozer,Carlos Boozer,35,2002
milos vujanic,Milos Vujanic,36,2002
david andersen,David Andersen,37,2002
tito maddox,Tito Maddox,38,2002
rod grizzard,Rod Grizzard,39,2002
juan carlos navarro,Juan Carlos Navarro,40,2002
mario kasun,Mario Kasun,41,2002
ronald murray,Ronald Murray,42,2002
jason jennings,Jason Jennings,43,2002
lonny baxter,Lonny Baxter,44,2002
sam clancy,Sam Clancy,45,2002
matt barnes,Matt Barnes,46,2002
jamal sampson,Jamal Sampson,47,2002
chris owens,Chris Owens,48,2002
peter fehse,Peter Fehse,49,2002
darius songaila,Darius Songaila,50,2002
federico kammerichs,Federico Kammerichs,51,2002
marcus taylor,Marcus Taylor,52,2002
rasual butler,Rasual Butler,53,2002
tamar slay,Tamar Slay,54,2002
mladen sekularac,Mladen Sekularac,55,2002
luis scola,Luis Scola,56,2002
randy holcomb,Randy Holcomb,57,2002
corsley edwards,Corsley Edwards,58,2002
lebron james,LeBron James,1,2003
darko milicic,Darko Miličić,2,2003
carmelo anthony,Carmelo Anthony,3,2003
chris bosh,Chris Bosh,4,2003
dwyane wade,Dwyane Wade,5,2003
chris kaman,Chris Kaman,6,2003
kirk hinrich,Kirk Hinrich,7,2003
tj ford,T.J. Ford,8,2003
mike sweetney,Mike Sweetney,9,2003
jarvis hayes,Jarvis Hayes,10,2003
mickael pietrus,Mickaël Piétrus,11,2003
nick collison,Nick Collison,12,2003
marcus banks,Marcus Banks,13,2003
luke ridnour,Luke Ridnour,14,2003
reece gaines,Reece Gaines,15,2003
troy bell,Troy Bell,16,2003
zarko cabarkapa,Žarko Čabarkapa,17,2003
david west,David West,18,2003
sasha pavlovic,Sasha Pavlović,19,2003
dahntay jones,Dahntay Jones,20,2003
boris diaw,Boris Diaw,21,2003
zoran planinic,Zoran Planinić,22,2003
travis outlaw,Travis Outlaw,23,2003
brian cook,Brian Cook,24,2003
carlos delfino,Carlos Delfino,25,2003
ndudi ebi,Ndudi Ebi,26,2003
kendrick perkins,Kendrick Perkins,27,2003
leandro barbosa,Leandro Barbosa,28,2003
josh howard,Josh Howard,29,2003
maciej lampe,Maciej Lampe,30,2003
jason kapono,Jason Kapono,31,2003
luke walton,Luke Walton,32,2003
jerome beasley,Jerome Beasley,33,2003
sofoklis schortsanitis,Sofoklis Schortsanitis,34,2003
szymon szewczyk,Szymon Szewczyk,35,2003
mario austin,Mario Austin,36,2003
travis hansen,Travis Hansen,37,2003
steve blake,Steve Blake,38,2003
slavko vranes,Slavko Vraneš,39,2003
derrick zimmerman,Derrick Zimmerman,40,2003
willie green,Willie Green,41,2003
zaza pachulia,Zaza Pachulia,42,2003
keith bogans,Keith Bogans,43,2003
malick badiane,Malick Badiane,44,2003
matt bonner,Matt Bonner,45,2003
sani becirovic,Sani Bečirovič,46,2003
mo williams,Mo Williams,47,2003
james lang,James Lang,48,2003
james jones,James Jones,49,2003
paccelis morlende,Paccelis Morlende,50,2003
kyle korver,Kyle Korver,51,2003
remon van de hare,Remon van de Hare,52,2003
tommy smith,Tommy Smith,53,2003
nedzad sinanovic,Nedžad Sinanović,54,2003
rick rickert,Rick Rickert,55,2003
brandon hunter,Brandon Hunter,56,2003
xue yuyang,Xue Yuyang,57,2003
andreas glyniadakis,Andreas Glyniadakis,58,2003
dwight howard,Dwight Howard,1,2004
emeka okafor,Emeka Okafor,2,2004
ben gordon,Ben Gordon,3,2004
shaun livingston,Shaun Livingston,4,2004
devin harris,Devin Harris,5,2004
josh childress,Josh Childress,6,2004
luol deng,Luol Deng,7,2004
rafael araujo,Rafael Araújo,8,2004
andre iguodala,Andre Iguodala,9,2004
luke jackson,Luke Jackson,10,2004
andris biedrins,Andris Biedriņš,11,2004
robert swift,Robert Swift,12,2004
sebastian telfair,Sebastian Telfair,13,2004
kris humphries,Kris Humphries,14,2004
al jefferson,Al Jefferson,15,2004
kirk snyder,Kirk Snyder,16,2004
josh smith,Josh Smith,17,2004
jr smith,J.R. Smith,18,2004
dorell wright,Dorell Wright,19,2004
jameer nelson,Jameer Nelson,20,2004
pavel podkolzin,Pavel Podkolzin,21,2004
viktor khryapa,Viktor Khryapa,22,2004
sergei monia,Sergei Monia,23,2004
delonte west,Delonte West,24,2004
tony allen,Tony Allen,25,2004
kevin martin,Kevin Martin,26,2004
sasha vujacic,Sasha Vujačić,27,2004
beno udrih,Beno Udrih,28,2004
david harrison,David Harrison,29,2004
anderson varejao,Anderson Varejão,30,2004
jackson vroman,Jackson Vroman,31,2004
peter john ramos,Peter John Ramos,32,2004
lionel chalmers,Lionel Chalmers,33,2004
donta smith,Donta Smith,34,2004
andre emmett,Andre Emmett,35,2004
antonio burks,Antonio Burks,36,2004
royal ivey,Royal Ivey,37,2004
chris duhon,Chris Duhon,38,2004
albert miralles,Albert Miralles,39,2004
justin reed,Justin Reed,40,2004
david young,David Young,41,2004
viktor sanikidze,Viktor Sanikidze,42,2004
trevor ariza,Trevor Ariza,43,2004
tim pickett,Tim Pickett,44,2004
bernard robinson,Bernard Robinson,45,2004
ha seungjin,Ha Seung-Jin,46,2004
pape sow,Pape Sow,47,2004
ricky minard,Ricky Minard,48,2004
sergei lishouk,Sergei Lishouk,49,2004
vassilis spanoulis,Vassilis Spanoulis,50,2004
christian drejer,Christian Drejer,51,2004
romain sato,Romain Sato,52,2004
matt freije,Matt Freije,53,2004
rickey paulding,Rickey Paulding,54,2004
luis flores,Luis Flores,55,2004
marcus douthit,Marcus Douthit,56,2004
sergei karaulov,Sergei Karaulov,57,2004
blake stepp,Blake Stepp,58,2004
rashad wright,Rashad Wright,59,2004
andrew bogut,Andrew Bogut,1,2005
marvin williams,Marvin Williams,2,2005
deron williams,Deron Williams,3,2005
chris paul,Chris Paul,4,2005
raymond felton,Raymond Felton,5,2005
martell webster,Martell Webster,6,2005
charlie villanueva,Charlie Villanueva,7,2005
channing frye,Channing Frye,8,2005
ike diogu,Ike Diogu,9,2005
andrew bynum,Andrew Bynum,10,2005
fran vazquez,Fran Vázquez,11,2005
yaroslav korolev,Yaroslav Korolev,12,2005
sean may,Sean May,13,2005
rashad mccants,Rashad McCants,14,2005
antoine wright,Antoine Wright,15,2005
joey graham,Joey Graham,16,2005
danny granger,Danny Granger,17,2005
gerald green,Gerald Green,18,2005
hakim warrick,Hakim Warrick,19,2005
julius hodge,Julius Hodge,20,2005
nate robinson,Nate Robinson,21,2005
jarrett jack,Jarrett Jack,22,2005
francisco garcia,Francisco García,23,2005
luther head,Luther Head,24,2005
johan petro,Johan Petro,25,2005
jason maxiell,Jason Maxiell,26,2005
linas kleiza,Linas Kleiza,27,2005
ian mahinmi,Ian Mahinmi,28,2005
wayne simien,Wayne Simien,29,2005
david lee,David Lee,30,2005
salim stoudamire,Salim Stoudamire,31,2005
daniel ewing,Daniel Ewing,32,2005
brandon bass,Brandon Bass,33,2005
cj miles,C.J. Miles,34,2005
ricky sanchez,Ricky Sánchez,35,2005
ersan ilyasova,Ersan İlyasova,36,2005
ronny turiaf,Ronny Turiaf,37,2005
travis diener,Travis Diener,38,2005
von wafer,Von Wafer,39,2005
monta ellis,Monta Ellis,40,2005
roko ukic,Roko Ukić,41,2005
chris taft,Chris Taft,42,2005
mile ilic,Mile Ilić,43,2005
martynas andriuskevicius,Martynas Andriuškevičius,44,2005
lou williams,Lou Williams,45,2005
erazem lorbek,Erazem Lorbek,46,2005
bracey wright,Bracey Wright,47,2005
mickael gelabale,Mickaël Gelabale,48,2005
andray blatche,Andray Blatche,49,2005
ryan gomes,Ryan Gomes,50,2005
robert whaley,Robert Whaley,51,2005
axel hervelle,Axel Hervelle,52,2005
orien greene,Orien Greene,53,2005
dijon thompson,Dijon Thompson,54,2005
lawrence roberts,Lawrence Roberts,55,2005
amir johnson,Amir Johnson,56,2005
marcin gortat,Marcin Gortat,57,2005
uros slokar,Uroš Slokar,58,2005
cenk akyol,Cenk Akyol,59,2005
alex acker,Alex Acker,60,2005
andrea bargnani,Andrea Bargnani,1,2006
lamarcus aldridge,LaMarcus Aldridge,2,2006
adam morrison,Adam Morrison,3,2006
tyrus thomas,Tyrus Thomas,4,2006
shelden williams,Shelden Williams,5,2006
brandon roy,Brandon Roy,6,2006
randy foye,Randy Foye,7,2006
rudy gay,Rudy Gay,8,2006
patrick obryant,Patrick O'Bryant,9,2006
mouhamed sene,Mouhamed Sene,10,2006
jj redick,JJ Redick,11,2006
hilton armstrong,Hilton Armstrong,12,2006
thabo sefolosha,Thabo Sefolosha,13,2006
ronnie brewer,Ronnie Brewer,14,2006
cedric simmons,Cedric Simmons,15,2006
rodney carney,Rodney Carney,16,2006
shawne williams,Shawne Williams,17,2006
oleksiy pecherov,Oleksiy Pecherov,18,2006
quincy douby,Quincy Douby,19,2006
renaldo balkman,Renaldo Balkman,20,2006
rajon rondo,Rajon Rondo,21,2006
marcus williams,Marcus Williams,22,2006
josh boone,Josh Boone,23,2006
kyle lowry,Kyle Lowry,24,2006
shannon brown,Shannon Brown,25,2006
jordan farmar,Jordan Farmar,26,2006
sergio rodriguez,Sergio Rodríguez,27,2006
maurice ager,Maurice Ager,28,2006
mardy collins,Mardy Collins,29,2006
joel freeland,Joel Freeland,30,2006
james white,James White,31,2006
steve novak,Steve Novak,32,2006
solomon jones,Solomon Jones,33,2006
paul davis,Paul Davis,34,2006
pj tucker,P.J. Tucker,35,2006
craig smith,Craig Smith,36,2006
bobby jones,Bobby Jones,37,2006
kosta perovic,Kosta Perović,38,2006
david noel,David Noel,39,2006
denham brown,Denham Brown,40,2006
james augustine,James Augustine,41,2006
daniel gibson,Daniel Gibson,42,2006
marcus vinicius,Marcus Vinicius,43,2006
lior eliyahu,Lior Eliyahu,44,2006
alexander johnson,Alexander Johnson,45,2006
dee brown,Dee Brown,46,2006
paul millsap,Paul Millsap,47,2006
vladimir veremeenko,Vladimir Veremeenko,48,2006
leon powe,Leon Powe,49,2006
ryan hollins,Ryan Hollins,50,2006
cheikh samb,Cheikh Samb,51,2006
guillermo diaz,Guillermo Díaz,52,2006
yotam halperin,Yotam Halperin,53,2006
hassan adams,Hassan Adams,54,2006
ejike ugboaja,Ejike Ugboaja,55,2006
edin bavcic,Edin Bavčić,56,2006
loukas mavrokefalidis,Loukas Mavrokefalidis,57,2006
jr pinnock,J.R. Pinnock,58,2006
damir markota,Damir Markota,59,2006
will blalock,Will Blalock,60,2006
greg oden,Greg Oden,1,2007
kevin durant,Kevin Durant,2,2007
al horford,Al Horford,3,2007
mike conley,Mike Conley,4,2007
jeff green,Jeff Green,5,2007
yi jianlian,Yi Jianlian,6,2007
corey brewer,Corey Brewer,7,2007
brandan wright,Brandan Wright,8,2007
joakim noah,Joakim Noah,9,2007
spencer hawes,Spencer Hawes,10,2007
acie law,Acie Law,11,2007
thaddeus young,Thaddeus Young,12,2007
julian wright,Julian Wright,13,2007
al thornton,Al Thornton,14,2007
rodney stuckey,Rodney Stuckey,15,2007
nick young,Nick Young,16,2007
sean williams,Sean Williams,17,2007
marco belinelli,Marco Belinelli,18,2007
javaris crittenton,Javaris Crittenton,19,2007
jason smith,Jason Smith,20,2007
daequan cook,Daequan Cook,21,2007
jared dudley,Jared Dudley,22,2007
wilson chandler,Wilson Chandler,23,2007
rudy fernandez,Rudy Fernández,24,2007
morris almond,Morris Almond,25,2007
aaron brooks,Aaron Brooks,26,2007
arron afflalo,Arron Afflalo,27,2007
tiago splitter,Tiago Splitter,28,2007
alando tucker,Alando Tucker,29,2007
petteri koponen,Petteri Koponen,30,2007
carl landry,Carl Landry,31,2007
gabe pruitt,Gabe Pruitt,32,2007
nick fazekas,Nick Fazekas,34,2007
glen davis,Glen Davis,35,2007
jermareo davidson,Jermareo Davidson,36,2007
josh mcroberts,Josh McRoberts,37,2007
kyrylo fesenko,Kyrylo Fesenko,38,2007
stanko barac,Stanko Barać,39,2007
sun yue,Sun Yue,40,2007
chris richard,Chris Richard,41,2007
derrick byars,Derrick Byars,42,2007
adam haluska,Adam Haluska,43,2007
reyshawn terry,Reyshawn Terry,44,2007
jared jordan,Jared Jordan,45,2007
stephane lasme,Stéphane Lasme,46,2007
dominic mcguire,Dominic McGuire,47,2007
marc gasol,Marc Gasol,48,2007
aaron gray,Aaron Gray,49,2007
renaldas seibutis,Renaldas Seibutis,50,2007
jameson curry,JamesOn Curry,51,2007
taurean green,Taurean Green,52,2007
demetris nichols,Demetris Nichols,53,2007
brad newley,Brad Newley,54,2007
herbert hill,Herbert Hill,55,2007
ramon sessions,Ramon Sessions,56,2007
sammy mejia,Sammy Mejia,57,2007
georgios printezis,Georgios Printezis,58,2007
dj strawberry,D.J. Strawberry,59,2007
milovan rakovic,Milovan Raković,60,2007
derrick rose,Derrick Rose,1,2008
michael beasley,Michael Beasley,2,2008
oj mayo,O.J. Mayo,3,2008
russell westbrook,Russell Westbrook,4,2008
kevin love,Kevin Love,5,2008
danilo gallinari,Danilo Gallinari,6,2008
eric gordon,Eric Gordon,7,2008
joe alexander,Joe Alexander,8,2008
dj augustin,D.J. Augustin,9,2008
brook lopez,Brook Lopez,10,2008
jerryd bayless,Jerryd Bayless,11,2008
jason thompson,Jason Thompson,12,2008
brandon rush,Brandon Rush,13,2008
anthony randolph,Anthony Randolph,14,2008
robin lopez,Robin Lopez,15,2008
marreese speights,Marreese Speights,16,2008
roy hibbert,Roy Hibbert,17,2008
javale mcgee,JaVale McGee,18,2008
jj hickson,J.J. Hickson,19,2008
alexis ajinca,Alexis Ajinça,20,2008
ryan anderson,Ryan Anderson,21,2008
courtney lee,Courtney Lee,22,2008
kosta koufos,Kosta Koufos,23,2008
serge ibaka,Serge Ibaka,24,2008
nicolas batum,Nicolas Batum,25,2008
george hill,George Hill,26,2008
darrell arthur,Darrell Arthur,27,2008
donte greene,Donté Greene,28,2008
dj white,D.J. White,29,2008
jr giddens,J.R. Giddens,30,2008
nikola pekovic,Nikola Peković,31,2008
walter sharpe,Walter Sharpe,32,2008
joey dorsey,Joey Dorsey,33,2008
mario chalmers,Mario Chalmers,34,2008
deandre jordan,DeAndre Jordan,35,2008
omer ask,Ömer Aşık,36,2008
luc mbah a moute,Luc Mbah a Moute,37,2008
kyle weaver,Kyle Weaver,38,2008
sonny weems,Sonny Weems,39,2008
chris douglasroberts,Chris Douglas-Roberts,40,2008
nathan jawai,Nathan Jawai,41,2008
sean singletary,Sean Singletary,42,2008
patrick ewing,Patrick Ewing,43,2008
ante tomic,Ante Tomić,44,2008
goran dragic,Goran Dragić,45,2008
trent plaisted,Trent Plaisted,46,2008
henry walker,Henry Walker,47,2008
malik hairston,Malik Hairston,48,2008
richard hendrix,Richard Hendrix,49,2008
devon hardin,DeVon Hardin,50,2008
shan foster,Shan Foster,51,2008
darnell jackson,Darnell Jackson,52,2008
tadija dragicevic,Tadija Dragićević,53,2008
maarty leunen,Maarty Leunen,54,2008
mike taylor,Mike Taylor,55,2008
sasha kaun,Sasha Kaun,56,2008
james gist,James Gist,57,2008
joe crawford,Joe Crawford,58,2008
deron washington,Deron Washington,59,2008
semih erden,Semih Erden,60,2008
blake griffin,Blake Griffin,1,2009
hasheem thabeet,Hasheem Thabeet,2,2009
james harden,James Harden,3,2009
tyreke evans,Tyreke Evans,4,2009
ricky rubio,Ricky Rubio,5,2009
jonny flynn,Jonny Flynn,6,2009
stephen curry,Stephen Curry,7,2009
jordan hill,Jordan Hill,8,2009
demar derozan,DeMar DeRozan,9,2009
brandon jennings,Brandon Jennings,10,2009
terrence williams,Terrence Williams,11,2009
gerald henderson,Gerald Henderson,12,2009
tyler hansbrough,Tyler Hansbrough,13,2009
earl clark,Earl Clark,14,2009
austin daye,Austin Daye,15,2009
james johnson,James Johnson,16,2009
jrue holiday,Jrue Holiday,17,2009
ty lawson,Ty Lawson,18,2009
jeff teague,Jeff Teague,19,2009
eric maynor,Eric Maynor,20,2009
darren collison,Darren Collison,21,2009
victor claver,Victor Claver,22,2009
omri casspi,Omri Casspi,23,2009
byron mullens,Byron Mullens,24,2009
rodrigue beaubois,Rodrigue Beaubois,25,2009
taj gibson,Taj Gibson,26,2009
demarre carroll,DeMarre Carroll,27,2009
wayne ellington,Wayne Ellington,28,2009
toney douglas,Toney Douglas,29,2009
christian eyenga,Christian Eyenga,30,2009
jeff ayres,Jeff Ayres,31,2009
jermaine taylor,Jermaine Taylor,32,2009
dante cunningham,Dante Cunningham,33,2009
sergio llull,Sergio Llull,34,2009
dajuan summers,DaJuan Summers,35,2009
sam young,Sam Young,36,2009
dejuan blair,DeJuan Blair,37,2009
jon brockman,Jon Brockman,38,2009
jonas jerebko,Jonas Jerebko,39,2009
derrick brown,Derrick Brown,40,2009
jodie meeks,Jodie Meeks,41,2009
patrick beverley,Patrick Beverley,42,2009
marcus thornton,Marcus Thornton,43,2009
chase budinger,Chase Budinger,44,2009
nick calathes,Nick Calathes,45,2009
danny green,Danny Green,46,2009
henk norel,Henk Norel,47,2009
taylor griffin,Taylor Griffin,48,2009
sergiy gladyr,Sergiy Gladyr,49,2009
goran suton,Goran Suton,50,2009
jack mcclinton,Jack McClinton,51,2009
aj price,A.J. Price,52,2009
nando de colo,Nando De Colo,53,2009
robert vaden,Robert Vaden,54,2009
patty mills,Patty Mills,55,2009
ahmad nivins,Ahmad Nivins,56,2009
emir preldzic,Emir Preldžić,57,2009
lester hudson,Lester Hudson,58,2009
chinemelu elonu,Chinemelu Elonu,59,2009
robert dozier,Robert Dozier,60,2009
john wall,John Wall,1,2010
evan turner,Evan Turner,2,2010
derrick favors,Derrick Favors,3,2010
wesley johnson,Wesley Johnson,4,2010
demarcus cousins,DeMarcus Cousins,5,2010
ekpe udoh,Ekpe Udoh,6,2010
greg monroe,Greg Monroe,7,2010
alfarouq aminu,Al-Farouq Aminu,8,2010
gordon hayward,Gordon Hayward,9,2010
paul george,Paul George,10,2010
cole aldrich,Cole Aldrich,11,2010
xavier henry,Xavier Henry,12,2010
ed davis,Ed Davis,13,2010
patrick patterson,Patrick Patterson,14,2010
larry sanders,Larry Sanders,15,2010
luke babbitt,Luke Babbitt,16,2010
kevin seraphin,Kevin Séraphin,17,2010
eric bledsoe,Eric Bledsoe,18,2010
avery bradley,Avery Bradley,19,2010
james anderson,James Anderson,20,2010
craig brackins,Craig Brackins,21,2010
elliot williams,Elliot Williams,22,2010
trevor booker,Trevor Booker,23,2010
damion james,Damion James,24,2010
dominique jones,Dominique Jones,25,2010
quincy pondexter,Quincy Pondexter,26,2010
jordan crawford,Jordan Crawford,27,2010
greivis vasquez,Greivis Vásquez,28,2010
daniel orton,Daniel Orton,29,2010
lazar hayward,Lazar Hayward,30,2010
tibor plei,Tibor Pleiß,31,2010
dexter pittman,Dexter Pittman,32,2010
hassan whiteside,Hassan Whiteside,33,2010
armon johnson,Armon Johnson,34,2010
nemanja bjelica,Nemanja Bjelica,35,2010
terrico white,Terrico White,36,2010
darington hobson,Darington Hobson,37,2010
andy rautins,Andy Rautins,38,2010
landry fields,Landry Fields,39,2010
lance stephenson,Lance Stephenson,40,2010
jarvis varnado,Jarvis Varnado,41,2010
dasean butler,Da'Sean Butler,42,2010
devin ebanks,Devin Ebanks,43,2010
jerome jordan,Jerome Jordan,44,2010
paulao prestes,Paulão Prestes,45,2010
gani lawal,Gani Lawal,46,2010
tiny gallon,Tiny Gallon,47,2010
latavious williams,Latavious Williams,48,2010
ryan richards,Ryan Richards,49,2010
solomon alabi,Solomon Alabi,50,2010
magnum rolle,Magnum Rolle,51,2010
luke harangody,Luke Harangody,52,2010
pape sy,Pape Sy,53,2010
willie warren,Willie Warren,54,2010
jeremy evans,Jeremy Evans,55,2010
hamady ndiaye,Hamady N'Diaye,56,2010
ryan reid,Ryan Reid,57,2010
derrick caracter,Derrick Caracter,58,2010
stanley robinson,Stanley Robinson,59,2010
dwayne collins,Dwayne Collins,60,2010
kyrie irving,Kyrie Irving,1,2011
derrick williams,Derrick Williams,2,2011
enes freedom,Enes Freedom,3,2011
tristan thompson,Tristan Thompson,4,2011
jonas valanciunas,Jonas Valančiūnas,5,2011
jan vesely,Jan Veselý,6,2011
bismack biyombo,Bismack Biyombo,7,2011
brandon knight,Brandon Knight,8,2011
kemba walker,Kemba Walker,9,2011
jimmer fredette,Jimmer Fredette,10,2011
klay thompson,Klay Thompson,11,2011
alec burks,Alec Burks,12,2011
markieff morris,Markieff Morris,13,2011
marcus morris,Marcus Morris,14,2011
kawhi leonard,Kawhi Leonard,15,2011
nikola vucevic,Nikola Vučević,16,2011
iman shumpert,Iman Shumpert,17,2011
chris singleton,Chris Singleton,18,2011
tobias harris,Tobias Harris,19,2011
donatas motiejunas,Donatas Motiejūnas,20,2011
nolan smith,Nolan Smith,21,2011
kenneth faried,Kenneth Faried,22,2011
nikola mirotic,Nikola Mirotić,23,2011
reggie jackson,Reggie Jackson,24,2011
marshon brooks,MarShon Brooks,25,2011
jordan hamilton,Jordan Hamilton,26,2011
jajuan johnson,JaJuan Johnson,27,2011
norris cole,Norris Cole,28,2011
cory joseph,Cory Joseph,29,2011
jimmy butler,Jimmy Butler,30,2011
bojan bogdanovic,Bojan Bogdanović,31,2011
justin harper,Justin Harper,32,2011
kyle singler,Kyle Singler,33,2011
shelvin mack,Shelvin Mack,34,2011
tyler honeycutt,Tyler Honeycutt,35,2011
jordan williams,Jordan Williams,36,2011
trey thompkins,Trey Thompkins,37,2011
chandler parsons,Chandler Parsons,38,2011
jeremy tyler,Jeremy Tyler,39,2011
jon leuer,Jon Leuer,40,2011
darius morris,Darius Morris,41,2011
davis bertans,Dāvis Bertāns,42,2011
malcolm lee,Malcolm Lee,43,2011
charles jenkins,Charles Jenkins,44,2011
josh harrellson,Josh Harrellson,45,2011
andrew goudelock,Andrew Goudelock,46,2011
travis leslie,Travis Leslie,47,2011
keith benson,Keith Benson,48,2011
josh selby,Josh Selby,49,2011
lavoy allen,Lavoy Allen,50,2011
jon diebler,Jon Diebler,51,2011
vernon macklin,Vernon Macklin,52,2011
deandre liggins,DeAndre Liggins,53,2011
milan macvan,Milan Mačvan,54,2011
etwaun moore,E'Twaun Moore,55,2011
chukwudiebere maduabum,Chukwudiebere Maduabum,56,2011
tanguy ngombo,Tanguy Ngombo,57,2011
ater majok,Ater Majok,58,2011
adam hanga,Ádám Hanga,59,2011
isaiah thomas,Isaiah Thomas,60,2011
anthony davis,Anthony Davis,1,2012
michael kiddgilchrist,Michael Kidd-Gilchrist,2,2012
bradley beal,Bradley Beal,3,2012
dion waiters,Dion Waiters,4,2012
thomas robinson,Thomas Robinson,5,2012
damian lillard,Damian Lillard,6,2012
harrison barnes,Harrison Barnes,7,2012
terrence ross,Terrence Ross,8,2012
andre drummond,Andre Drummond,9,2012
austin rivers,Austin Rivers,10,2012
meyers leonard,Meyers Leonard,11,2012
jeremy lamb,Jeremy Lamb,12,2012
kendall marshall,Kendall Marshall,13,2012
john henson,John Henson,14,2012
maurice harkless,Maurice Harkless,15,2012
royce white,Royce White,16,2012
tyler zeller,Tyler Zeller,17,2012
terrence jones,Terrence Jones,18,2012
andrew nicholson,Andrew Nicholson,19,2012
evan fournier,Evan Fournier,20,2012
jared sullinger,Jared Sullinger,21,2012
fab melo,Fab Melo,22,2012
john jenkins,John Jenkins,23,2012
jared cunningham,Jared Cunningham,24,2012
tony wroten,Tony Wroten,25,2012
miles plumlee,Miles Plumlee,26,2012
arnett moultrie,Arnett Moultrie,27,2012
perry jones,Perry Jones,28,2012
marquis teague,Marquis Teague,29,2012
festus ezeli,Festus Ezeli,30,2012
jeff taylor,Jeff Taylor,31,2012
tomas satoransky,Tomáš Satoranský,32,2012
bernard james,Bernard James,33,2012
jae crowder,Jae Crowder,34,2012
draymond green,Draymond Green,35,2012
orlando johnson,Orlando Johnson,36,2012
quincy acy,Quincy Acy,37,2012
quincy miller,Quincy Miller,38,2012
khris middleton,Khris Middleton,39,2012
will barton,Will Barton,40,2012
tyshawn taylor,Tyshawn Taylor,41,2012
doron lamb,Doron Lamb,42,2012
mike scott,Mike Scott,43,2012
kim english,Kim English,44,2012
justin hamilton,Justin Hamilton,45,2012
darius miller,Darius Miller,46,2012
kevin murphy,Kevin Murphy,47,2012
kostas papanikolaou,Kostas Papanikolaou,48,2012
kyle oquinn,Kyle O'Quinn,49,2012
izzet turkylmaz,İzzet Türkyılmaz,50,2012
kris joseph,Kris Joseph,51,2012
ognjen kuzmic,Ognjen Kuzmić,52,2012
furkan aldemir,Furkan Aldemir,53,2012
tornike shengelia,Tornike Shengelia,54,2012
darius johnsonodom,Darius Johnson-Odom,55,2012
tomislav zubcic,Tomislav Zubčić,56,2012
ilkan karaman,İlkan Karaman,57,2012
robbie hummel,Robbie Hummel,58,2012
marcus denmon,Marcus Denmon,59,2012
robert sacre,Robert Sacre,60,2012
anthony bennett,Anthony Bennett,1,2013
victor oladipo,Victor Oladipo,2,2013
otto porter,Otto Porter Jr.,3,2013
cody zeller,Cody Zeller,4,2013
alex len,Alex Len,5,2013
nerlens noel,Nerlens Noel,6,2013
ben mclemore,Ben McLemore,7,2013
kentavious caldwellpope,Kentavious Caldwell-Pope,8,2013
trey burke,Trey Burke,9,2013
cj mccollum,CJ McCollum,10,2013
michael carterwilliams,Michael Carter-Williams,11,2013
steven adams,Steven Adams,12,2013
kelly olynyk,Kelly Olynyk,13,2013
shabazz muhammad,Shabazz Muhammad,14,2013
giannis antetokounmpo,Giannis Antetokounmpo,15,2013
lucas nogueira,Lucas Nogueira,16,2013
dennis schroder,Dennis Schröder,17,2013
shane larkin,Shane Larkin,18,2013
sergey karasev,Sergey Karasev,19,2013
tony snell,Tony Snell,20,2013
gorgui dieng,Gorgui Dieng,21,2013
mason plumlee,Mason Plumlee,22,2013
solomon hill,Solomon Hill,23,2013
tim hardaway,Tim Hardaway Jr.,24,2013
reggie bullock,Reggie Bullock,25,2013
andre roberson,Andre Roberson,26,2013
rudy gobert,Rudy Gobert,27,2013
livio jeancharles,Livio Jean-Charles,28,2013
archie goodwin,Archie Goodwin,29,2013
nemanja nedovic,Nemanja Nedović,30,2013
allen crabbe,Allen Crabbe,31,2013
alex abrines,Álex Abrines,32,2013
carrick felix,Carrick Felix,33,2013
isaiah canaan,Isaiah Canaan,34,2013
glen rice,Glen Rice Jr.,35,2013
ray mccallum,Ray McCallum,36,2013
tony mitchell,Tony Mitchell,37,2013
nate wolters,Nate Wolters,38,2013
jeff withey,Jeff Withey,39,2013
grant jerrett,Grant Jerrett,40,2013
jamaal franklin,Jamaal Franklin,41,2013
pierre jackson,Pierre Jackson,42,2013
ricky ledo,Ricky Ledo,43,2013
mike muscala,Mike Muscala,44,2013
marko todorovic,Marko Todorović,45,2013
erick green,Erick Green,46,2013
raul neto,Raul Neto,47,2013
ryan kelly,Ryan Kelly,48,2013
erik murphy,Erik Murphy,49,2013
james ennis,James Ennis III,50,2013
romero osby,Romero Osby,51,2013
lorenzo brown,Lorenzo Brown,52,2013
colton iverson,Colton Iverson,53,2013
arsalan kazemi,Arsalan Kazemi,54,2013
joffrey lauvergne,Joffrey Lauvergne,55,2013
peyton siva,Peyton Siva,56,2013
alex oriakhi,Alex Oriakhi,57,2013
deshaun thomas,Deshaun Thomas,58,2013
bojan dubljevic,Bojan Dubljević,59,2013
janis timma,Jānis Timma,60,2013
andrew wiggins,Andrew Wiggins,1,2014
jabari parker,Jabari Parker,2,2014
joel embiid,Joel Embiid,3,2014
aaron gordon,Aaron Gordon,4,2014
dante exum,Danté Exum,5,2014
marcus smart,Marcus Smart,6,2014
julius randle,Julius Randle,7,2014
nik stauskas,Nik Stauskas,8,2014
noah vonleh,Noah Vonleh,9,2014
elfrid payton,Elfrid Payton,10,2014
doug mcdermott,Doug McDermott,11,2014
dario saric,Dario Šarić,12,2014
zach lavine,Zach LaVine,13,2014
tj warren,T.J. Warren,14,2014
adreian payne,Adreian Payne,15,2014
jusuf nurkic,Jusuf Nurkić,16,2014
james young,James Young,17,2014
tyler ennis,Tyler Ennis,18,2014
gary harris,Gary Harris,19,2014
bruno caboclo,Bruno Caboclo,20,2014
mitch mcgary,Mitch McGary,21,2014
jordan adams,Jordan Adams,22,2014
rodney hood,Rodney Hood,23,2014
shabazz napier,Shabazz Napier,24,2014
clint capela,Clint Capela,25,2014
pj hairston,P.J. Hairston,26,2014
bogdan bogdanovic,Bogdan Bogdanović,27,2014
cj wilcox,C.J. Wilcox,28,2014
josh huestis,Josh Huestis,29,2014
kyle anderson,Kyle Anderson,30,2014
damien inglis,Damien Inglis,31,2014
kj mcdaniels,K.J. McDaniels,32,2014
joe harris,Joe Harris,33,2014
cleanthony early,Cleanthony Early,34,2014
jarnell stokes,Jarnell Stokes,35,2014
johnny obryant,Johnny O'Bryant,36,2014
deandre daniels,DeAndre Daniels,37,2014
spencer dinwiddie,Spencer Dinwiddie,38,2014
jerami grant,Jerami Grant,39,2014
glenn robinson,Glenn Robinson III,40,2014
nikola jokic,Nikola Jokić,41,2014
nick johnson,Nick Johnson,42,2014
edy tavares,Edy Tavares,43,2014
markel brown,Markel Brown,44,2014
dwight powell,Dwight Powell,45,2014
jordan clarkson,Jordan Clarkson,46,2014
russ smith,Russ Smith,47,2014
lamar patterson,Lamar Patterson,48,2014
cameron bairstow,Cameron Bairstow,49,2014
alec brown,Alec Brown,50,2014
thanasis antetokounmpo,Thanasis Antetokounmpo,51,2014
vasilije micic,Vasilije Micić,52,2014
alessandro gentile,Alessandro Gentile,53,2014
nemanja dangubic,Nemanja Dangubić,54,2014
semaj christon,Semaj Christon,55,2014
devyn marble,Devyn Marble,56,2014
louis labeyrie,Louis Labeyrie,57,2014
jordan mcrae,Jordan McRae,58,2014
xavier thames,Xavier Thames,59,2014
cory jefferson,Cory Jefferson,60,2014
karlanthony towns,Karl-Anthony Towns,1,2015
dangelo russell,D'Angelo Russell,2,2015
jahlil okafor,Jahlil Okafor,3,2015
kristaps porzingis,Kristaps Porziņģis,4,2015
mario hezonja,Mario Hezonja,5,2015
willie cauleystein,Willie Cauley-Stein,6,2015
emmanuel mudiay,Emmanuel Mudiay,7,2015
stanley johnson,Stanley Johnson,8,2015
frank kaminsky,Frank Kaminsky,9,2015
justise winslow,Justise Winslow,10,2015
myles turner,Myles Turner,11,2015
trey lyles,Trey Lyles,12,2015
devin booker,Devin Booker,13,2015
cameron payne,Cameron Payne,14,2015
kelly oubre,Kelly Oubre Jr.,15,2015
terry rozier,Terry Rozier,16,2015
rashad vaughn,Rashad Vaughn,17,2015
sam dekker,Sam Dekker,18,2015
jerian grant,Jerian Grant,19,2015
delon wright,Delon Wright,20,2015
justin anderson,Justin Anderson,21,2015
bobby portis,Bobby Portis,22,2015
rondae hollisjefferson,Rondae Hollis-Jefferson,23,2015
tyus jones,Tyus Jones,24,2015
jarell martin,Jarell Martin,25,2015
nikola milutinov,Nikola Milutinov,26,2015
larry nance,Larry Nance Jr.,27,2015
rj hunter,R.J. Hunter,28,2015
chris mccullough,Chris McCullough,29,2015
kevon looney,Kevon Looney,30,2015
cedi osman,Cedi Osman,31,2015
montrezl harrell,Montrezl Harrell,32,2015
jordan mickey,Jordan Mickey,33,2015
anthony brown,Anthony Brown,34,2015
willy hernangomez,Willy Hernangómez,35,2015
rakeem christmas,Rakeem Christmas,36,2015
richaun holmes,Richaun Holmes,37,2015
darrun hilliard,Darrun Hilliard,38,2015
juan pablo vaulet,Juan Pablo Vaulet,39,2015
josh richardson,Josh Richardson,40,2015
pat connaughton,Pat Connaughton,41,2015
olivier hanlan,Olivier Hanlan,42,2015
joe young,Joe Young,43,2015
andrew harrison,Andrew Harrison,44,2015
norman powell,Norman Powell,46,2015
arturas gudaitis,Artūras Gudaitis,47,2015
dakari johnson,Dakari Johnson,48,2015
aaron white,Aaron White,49,2015
marcus eriksson,Marcus Eriksson,50,2015
tyler harvey,Tyler Harvey,51,2015
satnam singh,Satnam Singh,52,2015
sirdominic pointer,Sir'Dominic Pointer,53,2015
dani diez,Dani Díez,54,2015
cady lalanne,Cady Lalanne,55,2015
branden dawson,Branden Dawson,56,2015
nikola radicevic,Nikola Radičević,57,2015
jp tokoto,J.P. Tokoto,58,2015
dimitrios agravanis,Dimitrios Agravanis,59,2015
luka mitrovic,Luka Mitrović,60,2015
ben simmons,Ben Simmons,1,2016
brandon ingram,Brandon Ingram,2,2016
jaylen brown,Jaylen Brown,3,2016
dragan bender,Dragan Bender,4,2016
kris dunn,Kris Dunn,5,2016
buddy hield,Buddy Hield,6,2016
jamal murray,Jamal Murray,7,2016
marquese chriss,Marquese Chriss,8,2016
jakob poeltl,Jakob Poeltl,9,2016
thon maker,Thon Maker,10,2016
domantas sabonis,Domantas Sabonis,11,2016
taurean prince,Taurean Prince,12,2016
georgios papagiannis,Georgios Papagiannis,13,2016
denzel valentine,Denzel Valentine,14,2016
juancho hernangomez,Juancho Hernangómez,15,2016
guerschon yabusele,Guerschon Yabusele,16,2016
wade baldwin,Wade Baldwin,17,2016
henry ellenson,Henry Ellenson,18,2016
malik beasley,Malik Beasley,19,2016
caris levert,Caris LeVert,20,2016
deandre bembry,DeAndre' Bembry,21,2016
malachi richardson,Malachi Richardson,22,2016
ante zizic,Ante Žižić,23,2016
timothe luwawucabarrot,Timothé Luwawu-Cabarrot,24,2016
brice johnson,Brice Johnson,25,2016
furkan korkmaz,Furkan Korkmaz,26,2016
pascal siakam,Pascal Siakam,27,2016
skal labissiere,Skal Labissière,28,2016
dejounte murray,Dejounte Murray,29,2016
damian jones,Damian Jones,30,2016
deyonta davis,Deyonta Davis,31,2016
ivica zubac,Ivica Zubac,32,2016
cheick diallo,Cheick Diallo,33,2016
tyler ulis,Tyler Ulis,34,2016
rade zagorac,Rade Zagorac,35,2016
malcolm brogdon,Malcolm Brogdon,36,2016
chinanu onuaku,Chinanu Onuaku,37,2016
patrick mccaw,Patrick McCaw,38,2016
david michineau,David Michineau,39,2016
diamond stone,Diamond Stone,40,2016
stephen zimmerman,Stephen Zimmerman,41,2016
isaiah whitehead,Isaiah Whitehead,42,2016
zhou qi,Zhou Qi,43,2016
isaia cordinier,Isaïa Cordinier,44,2016
demetrius jackson,Demetrius Jackson,45,2016
aj hammons,A.J. Hammons,46,2016
jake layman,Jake Layman,47,2016
paul zipser,Paul Zipser,48,2016
michael gbinije,Michael Gbinije,49,2016
georges niang,Georges Niang,50,2016
ben bentil,Ben Bentil,51,2016
joel bolomboy,Joel Bolomboy,52,2016
petr cornelie,Petr Cornelie,53,2016
kay felder,Kay Felder,54,2016
marcus paige,Marcus Paige,55,2016
daniel hamilton,Daniel Hamilton,56,2016
wang zhelin,Wang Zhelin,57,2016
abdel nader,Abdel Nader,58,2016
isaiah cousins,Isaiah Cousins,59,2016
tyrone wallace,Tyrone Wallace,60,2016
markelle fultz,Markelle Fultz,1,2017
lonzo ball,Lonzo Ball,2,2017
jayson tatum,Jayson Tatum,3,2017
josh jackson,Josh Jackson,4,2017
deaaron fox,De'Aaron Fox,5,2017
jonathan isaac,Jonathan Isaac,6,2017
lauri markkanen,Lauri Markkanen,7,2017
frank ntilikina,Frank Ntilikina,8,2017
dennis smith,Dennis Smith Jr.,9,2017
zach collins,Zach Collins,10,2017
malik monk,Malik Monk,11,2017
luke kennard,Luke Kennard,12,2017
donovan mitchell,Donovan Mitchell,13,2017
bam adebayo,Bam Adebayo,14,2017
justin jackson,Justin Jackson,15,2017
justin patton,Justin Patton,16,2017
dj wilson,D.J. Wilson,17,2017
tj leaf,T.J. Leaf,18,2017
john collins,John Collins,19,2017
harry giles,Harry Giles,20,2017
terrance ferguson,Terrance Ferguson,21,2017
jarrett allen,Jarrett Allen,22,2017
og anunoby,OG Anunoby,23,2017
tyler lydon,Tyler Lydon,24,2017
anzejs pasecniks,Anžejs Pasečņiks,25,2017
caleb swanigan,Caleb Swanigan,26,2017
kyle kuzma,Kyle Kuzma,27,2017
tony bradley,Tony Bradley,28,2017
derrick white,Derrick White,29,2017
josh hart,Josh Hart,30,2017
frank jackson,Frank Jackson,31,2017
davon reed,Davon Reed,32,2017
wes iwundu,Wes Iwundu,33,2017
frank mason,Frank Mason III,34,2017
ivan rabb,Ivan Rabb,35,2017
jonah bolden,Jonah Bolden,36,2017
semi ojeleye,Semi Ojeleye,37,2017
jordan bell,Jordan Bell,38,2017
jawun evans,Jawun Evans,39,2017
dwayne bacon,Dwayne Bacon,40,2017
tyler dorsey,Tyler Dorsey,41,2017
thomas bryant,Thomas Bryant,42,2017
isaiah hartenstein,Isaiah Hartenstein,43,2017
damyean dotson,Damyean Dotson,44,2017
dillon brooks,Dillon Brooks,45,2017
sterling brown,Sterling Brown,46,2017
ike anigbogu,Ike Anigbogu,47,2017
sindarius thornwell,Sindarius Thornwell,48,2017
vlatko cancar,Vlatko Čančar,49,2017
mathias lessort,Mathias Lessort,50,2017
monte morris,Monte Morris,51,2017
edmond sumner,Edmond Sumner,52,2017
kadeem allen,Kadeem Allen,53,2017
alec peters,Alec Peters,54,2017
nigel williamsgoss,Nigel Williams-Goss,55,2017
jabari bird,Jabari Bird,56,2017
sasha vezenkov,Sasha Vezenkov,57,2017
ognjen jaramaz,Ognjen Jaramaz,58,2017
jaron blossomgame,Jaron Blossomgame,59,2017
alpha kaba,Alpha Kaba,60,2017
deandre ayton,Deandre Ayton,1,2018
marvin bagley,Marvin Bagley III,2,2018
luka doncic,Luka Dončić,3,2018
jaren jackson,Jaren Jackson Jr.,4,2018
trae young,Trae Young,5,2018
mo bamba,Mo Bamba,6,2018
wendell carter,Wendell Carter Jr.,7,2018
collin sexton,Collin Sexton,8,2018
kevin knox,Kevin Knox,9,2018
mikal bridges,Mikal Bridges,10,2018
shai gilgeousalexander,Shai Gilgeous-Alexander,11,2018
miles bridges,Miles Bridges,12,2018
jerome robinson,Jerome Robinson,13,2018
michael porter,Michael Porter Jr.,14,2018
troy brown,Troy Brown Jr.,15,2018
zhaire smith,Zhaire Smith,16,2018
donte divincenzo,Donte DiVincenzo,17,2018
lonnie walker,Lonnie Walker IV,18,2018
kevin huerter,Kevin Huerter,19,2018
josh okogie,Josh Okogie,20,2018
grayson allen,Grayson Allen,21,2018
chandler hutchison,Chandler Hutchison,22,2018
aaron holiday,Aaron Holiday,23,2018
anfernee simons,Anfernee Simons,24,2018
moritz wagner,Moritz Wagner,25,2018
landry shamet,Landry Shamet,26,2018
robert williams,Robert Williams,27,2018
jacob evans,Jacob Evans,28,2018
dzanan musa,Džanan Musa,29,2018
omari spellman,Omari Spellman,30,2018
elie okobo,Elie Okobo,31,2018
jevon carter,Jevon Carter,32,2018
jalen brunson,Jalen Brunson,33,2018
devonte graham,Devonte' Graham,34,2018
melvin frazier,Melvin Frazier,35,2018
mitchell robinson,Mitchell Robinson,36,2018
gary trent,Gary Trent Jr.,37,2018
khyri thomas,Khyri Thomas,38,2018
isaac bonga,Isaac Bonga,39,2018
rodions kurucs,Rodions Kurucs,40,2018
jarred vanderbilt,Jarred Vanderbilt,41,2018
bruce brown,Bruce Brown,42,2018
issuf sanon,Issuf Sanon,44,2018
hamidou diallo,Hamidou Diallo,45,2018
deanthony melton,De'Anthony Melton,46,2018
svi mykhailiuk,Svi Mykhailiuk,47,2018
keita batesdiop,Keita Bates-Diop,48,2018
chimezie metu,Chimezie Metu,49,2018
alize johnson,Alize Johnson,50,2018
tony carr,Tony Carr,51,2018
vince edwards,Vince Edwards,52,2018
devon hall,Devon Hall,53,2018
shake milton,Shake Milton,54,2018
arnoldas kulboka,Arnoldas Kulboka,55,2018
ray spalding,Ray Spalding,56,2018
kevin hervey,Kevin Hervey,57,2018
thomas welsh,Thomas Welsh,58,2018
george king,George King,59,2018
kostas antetokounmpo,Kostas Antetokounmpo,60,2018
zion williamson,Zion Williamson,1,2019
ja morant,Ja Morant,2,2019
rj barrett,RJ Barrett,3,2019
deandre hunter,De'Andre Hunter,4,2019
darius garland,Darius Garland,5,2019
jarrett culver,Jarrett Culver,6,2019
coby white,Coby White,7,2019
jaxson hayes,Jaxson Hayes,8,2019
rui hachimura,Rui Hachimura,9,2019
cam reddish,Cam Reddish,10,2019
cameron johnson,Cameron Johnson,11,2019
pj washington,P.J. Washington,12,2019
tyler herro,Tyler Herro,13,2019
romeo langford,Romeo Langford,14,2019
sekou doumbouya,Sekou Doumbouya,15,2019
chuma okeke,Chuma Okeke,16,2019
nickeil alexanderwalker,Nickeil Alexander-Walker,17,2019
goga bitadze,Goga Bitadze,18,2019
luka samanic,Luka Šamanić,19,2019
matisse thybulle,Matisse Thybulle,20,2019
brandon clarke,Brandon Clarke,21,2019
grant williams,Grant Williams,22,2019
darius bazley,Darius Bazley,23,2019
ty jerome,Ty Jerome,24,2019
nassir little,Nassir Little,25,2019
dylan windler,Dylan Windler,26,2019
mfiondu kabengele,Mfiondu Kabengele,27,2019
jordan poole,Jordan Poole,28,2019
keldon johnson,Keldon Johnson,29,2019
kevin porter,Kevin Porter Jr.,30,2019
nic claxton,Nic Claxton,31,2019
kz okpala,KZ Okpala,32,2019
carsen edwards,Carsen Edwards,33,2019
bruno fernando,Bruno Fernando,34,2019
didi louzada,Didi Louzada,35,2019
cody martin,Cody Martin,36,2019
deividas sirvydis,Deividas Sirvydis,37,2019
daniel gafford,Daniel Gafford,38,2019
alen smailagic,Alen Smailagić,39,2019
justin james,Justin James,40,2019
eric paschall,Eric Paschall,41,2019
admiral schofield,Admiral Schofield,42,2019
jaylen nowell,Jaylen Nowell,43,2019
bol bol,Bol Bol,44,2019
isaiah roby,Isaiah Roby,45,2019
talen hortontucker,Talen Horton-Tucker,46,2019
ignas brazdeikis,Ignas Brazdeikis,47,2019
terance mann,Terance Mann,48,2019
quinndary weatherspoon,Quinndary Weatherspoon,49,2019
jarrell brantley,Jarrell Brantley,50,2019
tremont waters,Tremont Waters,51,2019
jalen mcdaniels,Jalen McDaniels,52,2019
justin wrightforeman,Justin Wright-Foreman,53,2019
marial shayok,Marial Shayok,54,2019
kyle guy,Kyle Guy,55,2019
jaylen hands,Jaylen Hands,56,2019
jordan bone,Jordan Bone,57,2019
miye oni,Miye Oni,58,2019
dewan hernandez,Dewan Hernandez,59,2019
vanja marinkovic,Vanja Marinković,60,2019
anthony edwards,Anthony Edwards,1,2020
james wiseman,James Wiseman,2,2020
lamelo ball,LaMelo Ball,3,2020
patrick williams,Patrick Williams,4,2020
isaac okoro,Isaac Okoro,5,2020
onyeka okongwu,Onyeka Okongwu,6,2020
killian hayes,Killian Hayes,7,2020
obi toppin,Obi Toppin,8,2020
deni avdija,Deni Avdija,9,2020
jalen smith,Jalen Smith,10,2020
devin vassell,Devin Vassell,11,2020
tyrese haliburton,Tyrese Haliburton,12,2020
kira lewis,Kira Lewis Jr.,13,2020
aaron nesmith,Aaron Nesmith,14,2020
cole anthony,Cole Anthony,15,2020
isaiah stewart,Isaiah Stewart,16,2020
aleksej pokusevski,Aleksej Pokusevski,17,2020
josh green,Josh Green,18,2020
saddiq bey,Saddiq Bey,19,2020
precious achiuwa,Precious Achiuwa,20,2020
tyrese maxey,Tyrese Maxey,21,2020
zeke nnaji,Zeke Nnaji,22,2020
leandro bolmaro,Leandro Bolmaro,23,2020
rj hampton,R.J. Hampton,24,2020
immanuel quickley,Immanuel Quickley,25,2020
payton pritchard,Payton Pritchard,26,2020
udoka azubuike,Udoka Azubuike,27,2020
jaden mcdaniels,Jaden McDaniels,28,2020
malachi flynn,Malachi Flynn,29,2020
desmond bane,Desmond Bane,30,2020
tyrell terry,Tyrell Terry,31,2020
vernon carey,Vernon Carey Jr.,32,2020
daniel oturu,Daniel Oturu,33,2020
theo maledon,Théo Maledon,34,2020
xavier tillman,Xavier Tillman Sr.,35,2020
tyler bey,Tyler Bey,36,2020
vit krejci,Vít Krejčí,37,2020
saben lee,Saben Lee,38,2020
elijah hughes,Elijah Hughes,39,2020
robert woodard,Robert Woodard II,40,2020
tre jones,Tre Jones,41,2020
nick richards,Nick Richards,42,2020
jahmius ramsey,Jahmi'us Ramsey,43,2020
marko simonovic,Marko Simonovic,44,2020
jordan nwora,Jordan Nwora,45,2020
cj elleby,CJ Elleby,46,2020
yam madar,Yam Madar,47,2020
nico mannion,Nico Mannion,48,2020
isaiah joe,Isaiah Joe,49,2020
skylar mays,Skylar Mays,50,2020
justinian jessup,Justinian Jessup,51,2020
kj martin,KJ Martin,52,2020
cassius winston,Cassius Winston,53,2020
cassius stanley,Cassius Stanley,54,2020
jay scrubb,Jay Scrubb,55,2020
grant riller,Grant Riller,56,2020
reggie perry,Reggie Perry,57,2020
paul reed,Paul Reed,58,2020
jalen harris,Jalen Harris,59,2020
sam merrill,Sam Merrill,60,2020
cade cunningham,Cade Cunningham,1,2021
jalen green,Jalen Green,2,2021
evan mobley,Evan Mobley,3,2021
scottie barnes,Scottie Barnes,4,2021
jalen suggs,Jalen Suggs,5,2021
josh giddey,Josh Giddey,6,2021
jonathan kuminga,Jonathan Kuminga,7,2021
franz wagner,Franz Wagner,8,2021
davion mitchell,Davion Mitchell,9,2021
ziaire williams,Ziaire Williams,10,2021
james bouknight,James Bouknight,11,2021
joshua primo,Joshua Primo,12,2021
chris duarte,Chris Duarte,13,2021
moses moody,Moses Moody,14,2021
corey kispert,Corey Kispert,15,2021
alperen sengun,Alperen Şengün,16,2021
trey murphy,Trey Murphy III,17,2021
tre mann,Tre Mann,18,2021
kai jones,Kai Jones,19,2021
jalen johnson,Jalen Johnson,20,2021
keon johnson,Keon Johnson,21,2021
isaiah jackson,Isaiah Jackson,22,2021
usman garuba,Usman Garuba,23,2021
josh christopher,Josh Christopher,24,2021
quentin grimes,Quentin Grimes,25,2021
bones hyland,Bones Hyland,26,2021
cam thomas,Cam Thomas,27,2021
jaden springer,Jaden Springer,28,2021
dayron sharpe,Day'Ron Sharpe,29,2021
santi aldama,Santi Aldama,30,2021
isaiah todd,Isaiah Todd,31,2021
jeremiah robinsonearl,Jeremiah Robinson-Earl,32,2021
jason preston,Jason Preston,33,2021
rokas jokubaitis,Rokas Jokubaitis,34,2021
herbert jones,Herbert Jones,35,2021
miles mcbride,Miles McBride,36,2021
jt thor,JT Thor,37,2021
ayo dosunmu,Ayo Dosunmu,38,2021
neemias queta,Neemias Queta,39,2021
jared butler,Jared Butler,40,2021
joe wieskamp,Joe Wieskamp,41,2021
isaiah livers,Isaiah Livers,42,2021
greg brown,Greg Brown III,43,2021
kessler edwards,Kessler Edwards,44,2021
juhann begarin,Juhann Begarin,45,2021
dalano banton,Dalano Banton,46,2021
david johnson,David Johnson,47,2021
sharife cooper,Sharife Cooper,48,2021
marcus zegarowski,Marcus Zegarowski,49,2021
filip petrusev,Filip Petrušev,50,2021
brandon boston,Brandon Boston Jr.,51,2021
luka garza,Luka Garza,52,2021
charles bassey,Charles Bassey,53,2021
sandro mamukelashvili,Sandro Mamukelashvili,54,2021
aaron wiggins,Aaron Wiggins,55,2021
scottie lewis,Scottie Lewis,56,2021
balsa koprivica,Balša Koprivica,57,2021
jericho sims,Jericho Sims,58,2021
raiquan gray,RaiQuan Gray,59,2021
georgios kalaitzakis,Georgios Kalaitzakis,60,2021
paolo banchero,Paolo Banchero,1,2022
chet holmgren,Chet Holmgren,2,2022
keegan murray,Keegan Murray,4,2022
jaden ivey,Jaden Ivey,5,2022
bennedict mathurin,Bennedict Mathurin,6,2022
shaedon sharpe,Shaedon Sharpe,7,2022
dyson daniels,Dyson Daniels,8,2022
jeremy sochan,Jeremy Sochan,9,2022
johnny davis,Johnny Davis,10,2022
ousmane dieng,Ousmane Dieng,11,2022
jalen williams,Jalen Williams,12,2022
jalen duren,Jalen Duren,13,2022
ochai agbaji,Ochai Agbaji,14,2022
mark williams,Mark Williams,15,2022
aj griffin,AJ Griffin,16,2022
tari eason,Tari Eason,17,2022
dalen terry,Dalen Terry,18,2022
jake laravia,Jake LaRavia,19,2022
malaki branham,Malaki Branham,20,2022
christian braun,Christian Braun,21,2022
walker kessler,Walker Kessler,22,2022
david roddy,David Roddy,23,2022
marjon beauchamp,MarJon Beauchamp,24,2022
blake wesley,Blake Wesley,25,2022
wendell moore,Wendell Moore Jr.,26,2022
nikola jovic,Nikola Jović,27,2022
patrick baldwin,Patrick Baldwin Jr.,28,2022
tyty washington,TyTy Washington Jr.,29,2022
peyton watson,Peyton Watson,30,2022
andrew nembhard,Andrew Nembhard,31,2022
caleb houstan,Caleb Houstan,32,2022
christian koloko,Christian Koloko,33,2022
jaylin williams,Jaylin Williams,34,2022
max christie,Max Christie,35,2022
gabriele procida,Gabriele Procida,36,2022
jaden hardy,Jaden Hardy,37,2022
kennedy chandler,Kennedy Chandler,38,2022
khalifa diop,Khalifa Diop,39,2022
bryce mcgowens,Bryce McGowens,40,2022
ej liddell,E.J. Liddell,41,2022
trevor keels,Trevor Keels,42,2022
moussa diabate,Moussa Diabaté,43,2022
ryan rollins,Ryan Rollins,44,2022
josh minott,Josh Minott,45,2022
ismael kamagate,Ismael Kamagate,46,2022
vince williams,Vince Williams Jr.,47,2022
kendall brown,Kendall Brown,48,2022
isaiah mobley,Isaiah Mobley,49,2022
matteo spagnolo,Matteo Spagnolo,50,2022
tyrese martin,Tyrese Martin,51,2022
karlo matkovic,Karlo Matković,52,2022
jd davison,JD Davison,53,2022
yannick nzosa,Yannick Nzosa,54,2022
gui santos,Gui Santos,55,2022
luke travers,Luke Travers,56,2022
jabari walker,Jabari Walker,57,2022
hugo besson,Hugo Besson,58,2022
victor wembanyama,Victor Wembanyama,1,2023
brandon miller,Brandon Miller,2,2023
scoot henderson,Scoot Henderson,3,2023
amen thompson,Amen Thompson,4,2023
ausar thompson,Ausar Thompson,5,2023
anthony black,Anthony Black,6,2023
bilal coulibaly,Bilal Coulibaly,7,2023
jarace walker,Jarace Walker,8,2023
taylor hendricks,Taylor Hendricks,9,2023
cason wallace,Cason Wallace,10,2023
jett howard,Jett Howard,11,2023
dereck lively,Dereck Lively II,12,2023
gradey dick,Gradey Dick,13,2023
jordan hawkins,Jordan Hawkins,14,2023
kobe bufkin,Kobe Bufkin,15,2023
keyonte george,Keyonte George,16,2023
jalen hoodschifino,Jalen Hood-Schifino,17,2023
jaime jaquez,Jaime Jaquez Jr.,18,2023
brandin podziemski,Brandin Podziemski,19,2023
cam whitmore,Cam Whitmore,20,2023
noah clowney,Noah Clowney,21,2023
dariq whitehead,Dariq Whitehead,22,2023
kris murray,Kris Murray,23,2023
oliviermaxence prosper,Olivier-Maxence Prosper,24,2023
marcus sasser,Marcus Sasser,25,2023
ben sheppard,Ben Sheppard,26,2023
nick smith,Nick Smith Jr.,27,2023
brice sensabaugh,Brice Sensabaugh,28,2023
julian strawther,Julian Strawther,29,2023
kobe brown,Kobe Brown,30,2023
james nnaji,James Nnaji,31,2023
jalen pickett,Jalen Pickett,32,2023
leonard miller,Leonard Miller,33,2023
colby jones,Colby Jones,34,2023
julian phillips,Julian Phillips,35,2023
andre jackson,Andre Jackson Jr.,36,2023
hunter tyson,Hunter Tyson,37,2023
jordan walsh,Jordan Walsh,38,2023
mouhamed gueye,Mouhamed Gueye,39,2023
maxwell lewis,Maxwell Lewis,40,2023
amari bailey,Amari Bailey,41,2023
tristan vukcevic,Tristan Vukcevic,42,2023
rayan rupert,Rayan Rupert,43,2023
sidy cissoko,Sidy Cissoko,44,2023
gg jackson,GG Jackson II,45,2023
seth lundy,Seth Lundy,46,2023
mojave king,Mojave King,47,2023
jordan miller,Jordan Miller,48,2023
emoni bates,Emoni Bates,49,2023
keyontae johnson,Keyontae Johnson,50,2023
jalen wilson,Jalen Wilson,51,2023
toumani camara,Toumani Camara,52,2023
jaylen clark,Jaylen Clark,53,2023
jalen slawson,Jalen Slawson,54,2023
isaiah wong,Isaiah Wong,55,2023
tarik biberovic,Tarik Biberovic,56,2023
trayce jacksondavis,Trayce Jackson-Davis,57,2023
chris livingston,Chris Livingston,58,2023
zaccharie risacher,Zaccharie Risacher,1,2024
alex sarr,Alex Sarr,2,2024
reed sheppard,Reed Sheppard,3,2024
stephon castle,Stephon Castle,4,2024
ron holland,Ron Holland,5,2024
tidjane salaun,Tidjane Salaün,6,2024
donovan clingan,Donovan Clingan,7,2024
rob dillingham,Rob Dillingham,8,2024
zach edey,Zach Edey,9,2024
cody williams,Cody Williams,10,2024
matas buzelis,Matas Buzelis,11,2024
nikola topic,Nikola Topić,12,2024
devin carter,Devin Carter,13,2024
bub carrington,Bub Carrington,14,2024
kelel ware,Kel'el Ware,15,2024
jared mccain,Jared McCain,16,2024
dalton knecht,Dalton Knecht,17,2024
tristan da silva,Tristan Da Silva,18,2024
jakobe walter,Ja'Kobe Walter,19,2024
jaylon tyson,Jaylon Tyson,20,2024
yves missi,Yves Missi,21,2024
daron holmes,DaRon Holmes,22,2024
aj johnson,AJ Johnson,23,2024
kyshawn george,Kyshawn George,24,2024
pacome dadiet,Pacôme Dadiet,25,2024
dillon jones,Dillon Jones,26,2024
terrence shannon,Terrence Shannon Jr.,27,2024
ryan dunn,Ryan Dunn,28,2024
isaiah collier,Isaiah Collier,29,2024
baylor scheierman,Baylor Scheierman,30,2024
jonathan mogbo,Jonathan Mogbo,31,2024
kyle filipowski,Kyle Filipowski,32,2024
tyler smith,Tyler Smith,33,2024
tyler kolek,Tyler Kolek,34,2024
johnny furphy,Johnny Furphy,35,2024
juan nunez,Juan Nunez,36,2024
bobi klintman,Bobi Klintman,37,2024
ajay mitchell,Ajay Mitchell,38,2024
jaylen wells,Jaylen Wells,39,2024
oso ighodaro,Oso Ighodaro,40,2024
adem bona,Adem Bona,41,2024
kj simpson,KJ Simpson,42,2024
nikola djurisic,Nikola Djurisic,43,2024
pelle larsson,Pelle Larsson,44,2024
jamal shead,Jamal Shead,45,2024
cam christie,Cam Christie,46,2024
antonio reeves,Antonio Reeves,47,2024
harrison ingram,Harrison Ingram,48,2024
tristen newton,Tristen Newton,49,2024
enrique freeman,Enrique Freeman,50,2024
melvin ajinca,Melvin Ajinça,51,2024
quinten post,Quinten Post,52,2024
cam spencer,Cam Spencer,53,2024
anton watson,Anton Watson,54,2024
bronny james,Bronny James,55,2024
kevin mccullar,Kevin McCullar Jr.,56,2024
ulrich chomche,Ulrich Chomche,57,2024
ariel hukporti,Ariel Hukporti,58,2024
cooper flagg,Cooper Flagg,1,2025
dylan harper,Dylan Harper,2,2025
vj edgecombe,VJ Edgecombe,3,2025
kon knueppel,Kon Knueppel,4,2025
ace bailey,Ace Bailey,5,2025
tre johnson,Tre Johnson,6,2025
jeremiah fears,Jeremiah Fears,7,2025
egor dmin,Egor Dёmin,8,2025
collin murrayboyles,Collin Murray-Boyles,9,2025
khaman maluach,Khaman Maluach,10,2025
cedric coward,Cedric Coward,11,2025
noa essengue,Noa Essengue,12,2025
derik queen,Derik Queen,13,2025
carter bryant,Carter Bryant,14,2025
thomas sorber,Thomas Sorber,15,2025
yang hansen,Yang Hansen,16,2025
joan beringer,Joan Beringer,17,2025
walter clayton,Walter Clayton,18,2025
nolan traore,Nolan Traoré,19,2025
kasparas jakucionis,Kasparas Jakučionis,20,2025
will riley,Will Riley,21,2025
drake powell,Drake Powell,22,2025
asa newell,Asa Newell,23,2025
nique clifford,Nique Clifford,24,2025
jase richardson,Jase Richardson,25,2025
ben saraf,Ben Saraf,26,2025
danny wolf,Danny Wolf,27,2025
hugo gonzalez,Hugo González,28,2025
liam mcneeley,Liam McNeeley,29,2025
yanic konan niederhauser,Yanic Konan Niederhäuser,30,2025
rasheer fleming,Rasheer Fleming,31,2025
noah penda,Noah Penda,32,2025
sion james,Sion James,33,2025
ryan kalkbrenner,Ryan Kalkbrenner,34,2025
johni broome,Johni Broome,35,2025
adou thiero,Adou Thiero,36,2025
chaz lanier,Chaz Lanier,37,2025
kam jones,Kam Jones,38,2025
alijah martin,Alijah Martin,39,2025
micah peavy,Micah Peavy,40,2025
koby brea,Koby Brea,41,2025
maxime raynaud,Maxime Raynaud,42,2025
jamir watkins,Jamir Watkins,43,2025
brooks barnhizer,Brooks Barnhizer,44,2025
rocco zikarsky,Rocco Zikarsky,45,2025
amari williams,Amari Williams,46,2025
bogoljub markovic,Bogoljub Markovic,47,2025
javon small,Javon Small,48,2025
tyrese proctor,Tyrese Proctor,49,2025
kobe sanders,Kobe Sanders,50,2025
mohamed diawara,Mohamed Diawara,51,2025
alex toohey,Alex Toohey,52,2025
john tonje,John Tonje,53,2025
taelon peter,Taelon Peter,54,2025
lachlan olbrich,Lachlan Olbrich,55,2025
will richard,Will Richard,56,2025
max shulga,Max Shulga,57,2025
saliou niang,Saliou Niang,58,2025
jahmai mashack,Jahmai Mashack,59,2025
